filename,author,id
https://api.mediehuset.net/images/mediesuset/dj-sass-foto-per-lange.jpg,Per Lange,03889263-b85d-45dc-84f0-6157075c17f4
https://api.mediehuset.net/images/mediesuset/musik-tim-christensen-foto-per-lange.jpg,Per Lange,0ddc90ff-7acd-4a60-9e3c-1b136dc2908d
https://api.mediehuset.net/images/mediesuset/movie-gimme-danger.jpeg,MoviePosters,0f938915-693e-46e1-8571-5583048d433f
https://api.mediehuset.net/images/mediesuset/musik-aqua-foto-per-lange.jpg,Per Lange,1177223c-aa27-4668-8d7e-8aedba538089
https://api.mediehuset.net/images/mediesuset/dj-jean-michel-jarre-foto-per-lange.jpg,Per Lange,18bb6adf-3c48-4587-bff0-42482e82a82e
https://api.mediehuset.net/images/mediesuset/dj-backend-foto-per-lange.jpg,Per Lange,191b805a-2714-42ea-b054-3afc8aa9b71e
https://api.mediehuset.net/images/mediesuset/musik-nik-og-jay-foto-per-lange.jpg,Per Lange,192aac55-fe0f-4689-90a9-9a57087cab8f
https://api.mediehuset.net/images/mediesuset/musik-sort-sol3-foto-per-lange.jpg,Per Lange,1b1df23d-3d3e-498a-9af4-e3d35bccf94c
https://api.mediehuset.net/images/mediesuset/musik-bon-jovi2-foto-per-lange.jpg,Per Lange,1c980416-74b6-44f8-ba5b-f2aebbbddaff
https://api.mediehuset.net/images/mediesuset/audience-foto-per-lange.jpg,Per Lange,20c7ea31-d7cc-406b-9431-47fe98bfdf20
https://api.mediehuset.net/images/mediesuset/musik-blur-foto-per-lange.jpg,Per Lange,257b75e5-fc80-4517-9f22-bb378d0289fa
https://api.mediehuset.net/images/mediesuset/crowd1-foto-colourbox.jpg,Colourbox,283afded-f148-4eee-a097-e3445eb50e24
https://api.mediehuset.net/images/mediesuset/camp-kultunaut-foto-colourbox.jpg,Colourbox,29f6cfbb-47a4-4d70-93ae-fa4d20c7699a
https://api.mediehuset.net/images/mediesuset/musik-bon-jovi-foto-per-lange.jpg,Per Lange,2c6146b5-1d24-41b1-a38e-f71b43bfd167
https://api.mediehuset.net/images/mediesuset/musik-mads-langer-foto-per-lange.jpg,Per Lange,2d3eeb69-a61c-4d80-b73c-096d365e566e
https://api.mediehuset.net/images/mediesuset/musik-electric-guitars-foto-per-lange.jpg,Per Lange,2eceaa22-9c12-4c17-a7a5-857b6ca95ae8
https://api.mediehuset.net/images/mediesuset/art6-foto-colourbox.jpg,Colourbox,2f0eba32-8b61-4476-8566-e46202fec83c
https://api.mediehuset.net/images/mediesuset/all-star-jam-night1-foto-brknrib.jpg,BRKNRIB,30310fc0-8e9a-49b9-941d-836db31e48dd
https://api.mediehuset.net/images/mediesuset/musik-hej-matematik-foto-per-lange.jpg,Per Lange,322ac7ff-c81f-4633-8bc4-097483a8a993
https://api.mediehuset.net/images/mediesuset/art2-foto-colourbox.jpg,Colourbox,32bcf07f-bfe0-4d57-aabd-1f8ebcaf29e8
https://api.mediehuset.net/images/mediesuset/musik-fm-belfast-foto-per-lange.jpg,Per Lange,4120fc72-98e2-48b0-a42b-9189242b756d
https://api.mediehuset.net/images/mediesuset/camel-foto-colourbox.jpg,Colourbox,4c35d44b-5d8b-40eb-bb79-08d86ffe4ba5
https://api.mediehuset.net/images/mediesuset/art8-foto-colourbox.jpg,Colourbox,4c68f24e-fa32-4c82-9293-51d8f7702085
https://api.mediehuset.net/images/mediesuset/musik-peter-sommer-foto-per-lange.jpg,Per Lange,4d45924d-20cf-4bfa-93e7-58c33973e490
https://api.mediehuset.net/images/mediesuset/dj-kato-foto-per-lange.jpg,Per Lange,5082bdf6-6e20-4bb5-9e68-4932538306bc
https://api.mediehuset.net/images/mediesuset/art4-foto-colourbox.jpg,Colourbox,5100f045-7bc9-4476-ae4f-c459f14b73b7
https://api.mediehuset.net/images/mediesuset/musik-sort-sol2-foto-per-lange.jpg,Per Lange,51c14811-90e6-4186-8a19-691247c3ffd2
https://api.mediehuset.net/images/mediesuset/camp-de-luxe-foto-colourbox.jpg,Colourbox,5b29e7a9-e3a3-470e-8a48-79f8089d99f2
https://api.mediehuset.net/images/mediesuset/dj-sandman-foto-brknrib.jpg,BRKNRIB,5b981841-92a3-49ed-a765-5a9c9d028575
https://api.mediehuset.net/images/mediesuset/all-star-jam-night2-foto-per-lange.jpg,Per Lange,5c0b80c1-5250-4d73-95d2-67256b2cad82
https://api.mediehuset.net/images/mediesuset/crowd2-foto-colourbox.jpg,Colourbox,61bc8aac-d66c-4ed7-b495-2505631a9cb5
https://api.mediehuset.net/images/mediesuset/art3-foto-colourbox.jpg,Colourbox,63fe1a08-b6e5-439a-b46e-0ca456803805
https://api.mediehuset.net/images/mediesuset/musik-infernal-foto-per-lange.jpg,Per Lange,6df09b1a-8ddd-4094-af59-43eee69b6be8
https://api.mediehuset.net/images/mediesuset/body-art-lady-sush-foto-colourbox.jpg,Colourbox,6f3ba6e7-885f-43e4-8b7b-6ee776d9956c
https://api.mediehuset.net/images/mediesuset/musik-dad-foto-per-lange.jpg,Per Lange,74569931-d717-420e-bb57-4018735069c8
https://api.mediehuset.net/images/mediesuset/musik-the-blue-van-foto-per-lange.jpg,Per Lange,7a23e35b-ad0e-4ed7-a845-81d3a157ed11
https://api.mediehuset.net/images/mediesuset/art7-foto-colourbox.jpg,Colourbox,7d5c3b56-29df-4544-b981-dbaecfa33483
https://api.mediehuset.net/images/mediesuset/musik-down-foto-per-lange.jpg,Per Lange,80be33ef-64ec-4271-9043-e57fb8a128dc
https://api.mediehuset.net/images/mediesuset/crowd3-foto-colourbox.jpg,Colourbox,82496314-fd1a-4b38-89c9-815973cedf18
https://api.mediehuset.net/images/mediesuset/movie-samsara.jpg,MoviePosters,8305ccaf-ef8b-4831-925b-1e99892a3065
https://api.mediehuset.net/images/mediesuset/musik-dtroit-foto-per-lange.jpg,Per Lange,845b2a66-ebde-4d35-8e2f-d9e942ac6033
https://api.mediehuset.net/images/mediesuset/camp2-foto-colourbox.jpg,Colourbox,9183d5c3-11f9-4943-854f-7516bdd78bc3
https://api.mediehuset.net/images/mediesuset/stage1-foto-colourbox.jpg,Colourbox,9b2bb7ae-7eac-435a-874f-6bfb63f9cb98
https://api.mediehuset.net/images/mediesuset/musik-allan-olsen-foto-per-lange.jpg,Per Lange,9b37b69f-d1f6-4e4e-89f9-542c1561f135
https://api.mediehuset.net/images/mediesuset/crowd5-foto-colourbox.jpg,Colourbox,a0c21cf9-ced8-4800-a7a5-0ce12ada17f2
https://api.mediehuset.net/images/mediesuset/no-photo.svg,Computer,a76d72d3-8c7b-478c-933a-8525c3a9d6d9
https://api.mediehuset.net/images/mediesuset/musik-dune-foto-per-lange.jpg,Per Lange,ac145107-f076-4fee-9d38-f8e6752b70c8
https://api.mediehuset.net/images/mediesuset/crowd7-foto-colourbox.jpg,Colourbox,b0bd10e6-f4ca-40bd-843a-e8ca754bde73
https://api.mediehuset.net/images/mediesuset/art5-foto-colourbox.jpg,Colourbox,b3a76a8b-9053-4b5f-885a-98d0d912f12b
https://api.mediehuset.net/images/mediesuset/dj-tech-foto-brknrib.jpg,BRKNRIB,b3c0ba1a-58b4-497a-a2af-f518979a1044
https://api.mediehuset.net/images/mediesuset/all-star-jam-night3-foto-brknrib.jpg,BRKNRIB,b83eb9cd-2f28-4a1c-baa1-6b474448969d
https://api.mediehuset.net/images/mediesuset/crowd4-foto-colourbox.jpg,Colourbox,b9a6ee70-da82-4a4f-bdf3-5a4b8e696e17
https://api.mediehuset.net/images/mediesuset/mediesuset-map.jpg,Colourbox,bcc7bcdd-95c7-4397-8894-3b12d83044f7
https://api.mediehuset.net/images/mediesuset/camp-colorit-foto-colourbox.jpg,Colourbox,c9ef3b49-ce6f-4910-95cc-f88e6df1d1d8
https://api.mediehuset.net/images/mediesuset/musik-sort-sol-foto-per-lange.jpg,Per Lange,ca9e0140-d7a9-4e8a-9032-1ef6e4f78d95
https://api.mediehuset.net/images/mediesuset/wedding-foto-colourbox.jpg,Colourbox,cccdbe2a-fd36-4e58-b687-e81b440375b7
https://api.mediehuset.net/images/mediesuset/chill-n-lounge-foto-brknrib.jpg,BRKNRIB,d20d92de-7080-43e8-a791-ca77b2fe0de3
https://api.mediehuset.net/images/mediesuset/musik-loc-foto-per-lange.jpg,Per Lange,d77e23c3-b39f-4f25-976b-be10d349a554
https://api.mediehuset.net/images/mediesuset/musik-thomas-helmig-foto-per-lange.jpg,Per Lange,da11dbc8-4e93-450e-a1b9-e97d7bb1b7cb
https://api.mediehuset.net/images/mediesuset/art9-foto-colourbox.jpg,Colourbox,dc20bc38-0d66-4e38-9c78-9fd9c57ba468
https://api.mediehuset.net/images/mediesuset/movie-bohemian-rhapsody.jpg,MoviePosters,dcf143ce-86a4-4a1f-9b3c-89fe208c40b4
https://api.mediehuset.net/images/mediesuset/crowd6-foto-colourbox.jpg,Colourbox,dd6af87a-6a83-4b58-9cdb-972462c41ac1
https://api.mediehuset.net/images/mediesuset/art1-foto-colourbox.jpg,Colourbox,e21804fc-256f-4e69-83e7-93db6237eec8
https://api.mediehuset.net/images/mediesuset/dj-morten-breum-foto-per-lange.jpg,Per Lange,e451d3e5-ccd0-41ac-a486-11a5f2d1f732
https://api.mediehuset.net/images/mediesuset/musik-cv-jorgensen-foto-per-lange.jpg,Per Lange,e809c7cc-ceec-47bf-bdcd-e0a1afae46db
https://api.mediehuset.net/images/mediesuset/mean-face-foto-brknrib.jpg,BRKNRIB,ebc8a663-9558-4680-af9c-bb319cefb1c2
https://api.mediehuset.net/images/mediesuset/movie-inside-llewyn-lewis.jpg,MoviePosters,ef6ba452-76f0-4525-8fb3-5863ae821c7b
https://api.mediehuset.net/images/mediesuset/audience3-foto-per-lange.jpg,Per Lange,f17aca72-3d6f-4d94-aed3-2db768aaf320
https://api.mediehuset.net/images/mediesuset/movie-the-wall.jpg,MoviePosters,f3190415-04eb-44c4-878c-5d947184e72c
https://api.mediehuset.net/images/mediesuset/audience2-foto-per-lange.jpg,Per Lange,fb3b7478-52b9-4598-addf-0c9d879abf58
https://api.mediehuset.net/images/mediesuset/camp1-foto-colourbox.jpg,Colourbox,fbcce3c5-e281-49fc-8765-9cb03675e691
https://api.mediehuset.net/images/mediesuset/movie-through-the-never.jpg,MoviePosters,fe631a1b-6cad-4d03-b8d3-10f89584235a