"id","email"
32,""
44,"asda@asda.dk"
40,"asdas@mail.com"
51,"asdasd@asd.dk"
6,"asdasd@gmail.com"
24,"asdasdsad@jasd.com"
8,"asfasfasf@asdasd.com"
26,"brutalrobin22@gmail.com"
4,"c.ladegaardnielsen@gmail.com"
2,"ChriztyL.N@gmail.com"
19,"dav@dav.com"
27,"dsafs"
7,"fakemail"
25,"gagfasdas@jlasd.com"
23,"god@god.dk"
49,"Hans@hansen.dk"
39,"hej"
42,"hej@asd.dk"
36,"hej@mail.dk"
43,"hejsa@asadas.dk"
45,"heka@techcollege.dk"
33,"jesper@alosdla.dk"
47,"kgjh@gmail.com"
64,"khuk"
65,"khukd"
22,"muj@muj.dk"
50,"njksdfjnkdsf"
5,"qwerty123@gmail.com"
34,"s"
48,"sdffdfsrtvzydrydr"
41,"super@mail.dk"
9,"test2@gmail.com"
10,"test3@gmail.com"
28,"test@test.com"
46,"tester"
61,"testsdgsf"
62,"testsdgsfs"
56,"undefined"
